{
  "gate_errors": [
    1e-05,
    1.6378937069540647e-05,
    2.6826957952797274e-05,
    4.393970560760786e-05,
    7.196856730011514e-05,
    0.00011787686347935866,
    0.00019306977288832496,
    0.00031622776601683794,
    0.0005179474679231213,
    0.0008483428982440717,
    0.0013894954943731374,
    0.0022758459260747888,
    0.003727593720314938,
    0.006105402296585327,
    0.01
  ],
  "baseline_epg": [
    0.0033743076689024616,
    0.003799539164098912,
    0.005524011321324866,
    0.004353107416504306,
    0.005021999572594401,
    0.004996909341018796,
    0.004034105683474968,
    0.0037629101318927085,
    0.004435528564955712,
    0.004966851019484064,
    0.005767613146133174,
    0.005747087083644598,
    0.006393467342024432,
    0.008930271895738192,
    0.010424699315363146
  ],
  "xy4_epg": [
    0.0024485674174582546,
    0.003435102795641143,
    0.0017396807681399433,
    0.003912993243146386,
    0.0011409698362816023,
    0.000985420967206559,
    0.0007200014377839163,
    0.0017357216932039658,
    0.004087622523616534,
    0.003542048212665409,
    0.0034773344230422626,
    0.007543710306698337,
    0.008182966424297196,
    0.012740390927371484,
    0.02028335942777962
  ],
  "xy8_epg": [
    0.0028984350989488187,
    0.0006709059689706364,
    0.00211687274340937,
    0.0012120913341589082,
    0.002950841905218423,
    0.0015317686891858824,
    0.0008348040907887544,
    0.0014377290759899945,
    0.0021576125356151128,
    0.0036010222101262516,
    0.005949958200080345,
    0.008927237778017834,
    0.013454686090052743,
    0.022995260264461324,
    0.03404751759821254
  ],
  "xy4_gain": [
    1.3780742342823362,
    1.1060918377523399,
    3.1753017119520766,
    1.1124750660197997,
    4.401518263586175,
    5.0708372434817175,
    5.60291337180033,
    2.167922511210169,
    1.0851120765993254,
    1.4022539280306645,
    1.658630561361764,
    0.7618382533249651,
    0.7813141360375975,
    0.7009417486988077,
    0.5139532902565301
  ],
  "xy8_gain": [
    1.1641825860189965,
    5.663296109778995,
    2.609515068169881,
    3.5914021442328066,
    1.7018870322104462,
    3.2621827148553324,
    4.832398077569784,
    2.6172595343122182,
    2.0557576913091067,
    1.3792891933621054,
    0.9693535571485681,
    0.6437699125474237,
    0.4751851733464983,
    0.3883527210839937,
    0.30618089219845007
  ],
  "xy4_crossover": 0.001996341584744228,
  "xy8_crossover": 0.0013391749695891696
}